Total Line Failures,Steady State,Accumulation of Failed Capacities,Region 0 Failures,Region 1 Failures,Region 2 Failures,Region 3 Failures,Region 4 Failures,Region 5 Failures,Region 0 Topological Factor,Region 1 Topological Factor,Region 2 Topological Factor,Region 3 Topological Factor,Region 4 Topological Factor,Region 5 Topological Factor,Region of Failure,Mean of T,Variance of T
3,-1,1115.0,1,0,0,1,0,1,0.3333333333333333,0.0,0.0,0.3333333333333333,0.0,0.3333333333333333,"[0, 3, 5]",2.6666666666666665,4.222222222222222
3,-1,1039.0,0,0,0,1,1,1,0.0,0.0,0.0,0.3333333333333333,0.3333333333333333,0.3333333333333333,"[5, 3, 4]",4.0,0.6666666666666666
3,-1,1069.0,0,0,2,0,1,0,0.0,0.0,0.6666666666666666,0.0,0.3333333333333333,0.0,"[2, 2, 4]",2.6666666666666665,0.8888888888888888
3,-1,1110.0,0,1,1,0,1,0,0.0,0.3333333333333333,0.3333333333333333,0.0,0.3333333333333333,0.0,"[4, 1, 2]",2.3333333333333335,1.5555555555555556
3,-1,1134.0,1,1,0,0,1,0,0.3333333333333333,0.3333333333333333,0.0,0.0,0.3333333333333333,0.0,"[0, 4, 1]",1.6666666666666667,2.888888888888889
3,-1,1082.0,1,1,0,0,0,1,0.3333333333333333,0.3333333333333333,0.0,0.0,0.0,0.3333333333333333,"[5, 0, 1]",2.0,4.666666666666667
3,-1,1104.0,0,0,0,1,0,2,0.0,0.0,0.0,0.3333333333333333,0.0,0.6666666666666666,"[3, 5, 5]",4.333333333333333,0.888888888888889
3,2,1073.0,0,0,1,0,0,2,0.0,0.0,0.3333333333333333,0.0,0.0,0.6666666666666666,"[5, 2, 5]",4.0,2.0
4,3,977.0,0,1,1,0,0,2,0.0,0.25,0.25,0.0,0.0,0.5,"[5, 2, 5, 1]",3.25,3.1875
5,-1,988.0,0,1,1,0,0,3,0.0,0.2,0.2,0.0,0.0,0.6,"[5, 2, 5, 1, 5]",3.6,3.04
3,-1,1152.0,0,0,0,1,2,0,0.0,0.0,0.0,0.3333333333333333,0.6666666666666666,0.0,"[3, 4, 4]",3.6666666666666665,0.22222222222222224
3,-1,1121.0,0,0,0,0,0,3,0.0,0.0,0.0,0.0,0.0,1.0,"[5, 5, 5]",5.0,0.0
3,-1,1087.0,1,0,0,0,1,1,0.3333333333333333,0.0,0.0,0.0,0.3333333333333333,0.3333333333333333,"[0, 5, 4]",3.0,4.666666666666667
3,-1,1069.0,0,0,1,0,0,2,0.0,0.0,0.3333333333333333,0.0,0.0,0.6666666666666666,"[5, 5, 2]",4.0,2.0
3,-1,1040.0,0,0,1,0,0,2,0.0,0.0,0.3333333333333333,0.0,0.0,0.6666666666666666,"[5, 5, 2]",4.0,2.0
3,-1,1083.0,0,0,0,2,1,0,0.0,0.0,0.0,0.6666666666666666,0.3333333333333333,0.0,"[3, 3, 4]",3.3333333333333335,0.22222222222222224
3,2,1115.0,0,1,0,1,0,1,0.0,0.3333333333333333,0.0,0.3333333333333333,0.0,0.3333333333333333,"[5, 3, 1]",3.0,2.6666666666666665
4,3,1101.0,0,1,0,2,0,1,0.0,0.25,0.0,0.5,0.0,0.25,"[5, 3, 1, 3]",3.0,2.0
5,4,1097.0,0,1,1,2,0,1,0.0,0.2,0.2,0.4,0.0,0.2,"[5, 3, 1, 3, 2]",2.8,1.7600000000000002
6,-1,1022.0,0,2,1,2,0,1,0.0,0.3333333333333333,0.16666666666666666,0.3333333333333333,0.0,0.16666666666666666,"[5, 3, 1, 3, 2, 1]",2.5,1.9166666666666667
3,-1,1118.0,0,0,1,1,1,0,0.0,0.0,0.3333333333333333,0.3333333333333333,0.3333333333333333,0.0,"[2, 3, 4]",3.0,0.6666666666666666
3,-1,1159.0,0,0,1,0,0,2,0.0,0.0,0.3333333333333333,0.0,0.0,0.6666666666666666,"[5, 2, 5]",4.0,2.0
3,-1,1056.0,0,1,1,0,1,0,0.0,0.3333333333333333,0.3333333333333333,0.0,0.3333333333333333,0.0,"[4, 1, 2]",2.3333333333333335,1.5555555555555556
3,-1,1112.0,1,0,0,0,1,1,0.3333333333333333,0.0,0.0,0.0,0.3333333333333333,0.3333333333333333,"[4, 5, 0]",3.0,4.666666666666667
3,-1,1076.0,0,0,1,0,2,0,0.0,0.0,0.3333333333333333,0.0,0.6666666666666666,0.0,"[4, 2, 4]",3.3333333333333335,0.8888888888888888
3,-1,1083.0,1,0,0,0,0,2,0.3333333333333333,0.0,0.0,0.0,0.0,0.6666666666666666,"[5, 5, 0]",3.3333333333333335,5.555555555555556
3,-1,1152.0,0,0,1,1,1,0,0.0,0.0,0.3333333333333333,0.3333333333333333,0.3333333333333333,0.0,"[4, 3, 2]",3.0,0.6666666666666666
3,-1,1091.0,1,0,0,0,0,2,0.3333333333333333,0.0,0.0,0.0,0.0,0.6666666666666666,"[0, 5, 5]",3.3333333333333335,5.555555555555556
3,2,1161.0,0,1,1,0,1,0,0.0,0.3333333333333333,0.3333333333333333,0.0,0.3333333333333333,0.0,"[4, 2, 1]",2.3333333333333335,1.5555555555555554
4,-1,1046.0,0,2,1,0,1,0,0.0,0.5,0.25,0.0,0.25,0.0,"[4, 2, 1, 1]",2.0,1.5
3,-1,1125.0,0,0,0,1,2,0,0.0,0.0,0.0,0.3333333333333333,0.6666666666666666,0.0,"[3, 4, 4]",3.6666666666666665,0.22222222222222224
3,-1,1084.0,0,0,0,0,2,1,0.0,0.0,0.0,0.0,0.6666666666666666,0.3333333333333333,"[4, 5, 4]",4.333333333333333,0.22222222222222224
3,-1,1112.0,0,1,1,0,1,0,0.0,0.3333333333333333,0.3333333333333333,0.0,0.3333333333333333,0.0,"[2, 4, 1]",2.3333333333333335,1.5555555555555554
3,2,525.0,1,0,0,0,0,2,0.3333333333333333,0.0,0.0,0.0,0.0,0.6666666666666666,"[0, 5, 5]",3.3333333333333335,5.555555555555556
4,3,434.0,1,1,0,0,0,2,0.25,0.25,0.0,0.0,0.0,0.5,"[0, 5, 5, 1]",2.75,5.1875
5,4,452.0,1,1,0,0,1,2,0.2,0.2,0.0,0.0,0.2,0.4,"[0, 5, 5, 1, 4]",3.0,4.4
6,5,369.0,1,1,0,1,1,2,0.16666666666666666,0.16666666666666666,0.0,0.16666666666666666,0.16666666666666666,0.3333333333333333,"[0, 5, 5, 1, 4, 3]",3.0,3.6666666666666665
7,6,302.0,2,1,0,1,1,2,0.2857142857142857,0.14285714285714285,0.0,0.14285714285714285,0.14285714285714285,0.2857142857142857,"[0, 5, 5, 1, 4, 3, 0]",2.5714285714285716,4.244897959183674
8,7,288.0,2,1,1,1,1,2,0.25,0.125,0.125,0.125,0.125,0.25,"[0, 5, 5, 1, 4, 3, 0, 2]",2.5,3.75
9,8,424.0,3,1,1,1,1,2,0.3333333333333333,0.1111111111111111,0.1111111111111111,0.1111111111111111,0.1111111111111111,0.2222222222222222,"[0, 5, 5, 1, 4, 3, 0, 2, 0]",2.2222222222222223,3.9506172839506175
10,9,315.0,4,1,1,1,1,2,0.4,0.1,0.1,0.1,0.1,0.2,"[0, 5, 5, 1, 4, 3, 0, 2, 0, 0]",2.0,4.0
11,10,495.0,4,1,2,1,1,2,0.36363636363636365,0.09090909090909091,0.18181818181818182,0.09090909090909091,0.09090909090909091,0.18181818181818182,"[0, 5, 5, 1, 4, 3, 0, 2, 0, 0, 2]",2.0,3.6363636363636362
12,11,517.0,4,1,2,1,1,3,0.3333333333333333,0.08333333333333333,0.16666666666666666,0.08333333333333333,0.08333333333333333,0.25,"[0, 5, 5, 1, 4, 3, 0, 2, 0, 0, 2, 5]",2.25,4.020833333333333
13,12,721.0,4,2,2,1,1,3,0.3076923076923077,0.15384615384615385,0.15384615384615385,0.07692307692307693,0.07692307692307693,0.23076923076923078,"[0, 5, 5, 1, 4, 3, 0, 2, 0, 0, 2, 5, 1]",2.1538461538461537,3.8224852071005917
14,13,861.0,4,3,2,1,1,3,0.2857142857142857,0.21428571428571427,0.14285714285714285,0.07142857142857142,0.07142857142857142,0.21428571428571427,"[0, 5, 5, 1, 4, 3, 0, 2, 0, 0, 2, 5, 1, 1]",2.0714285714285716,3.637755102040816
15,14,1102.0,4,3,3,1,1,3,0.26666666666666666,0.2,0.2,0.06666666666666667,0.06666666666666667,0.2,"[0, 5, 5, 1, 4, 3, 0, 2, 0, 0, 2, 5, 1, 1, 2]",2.066666666666667,3.3955555555555557
16,15,827.0,4,3,4,1,1,3,0.25,0.1875,0.25,0.0625,0.0625,0.1875,"[0, 5, 5, 1, 4, 3, 0, 2, 0, 0, 2, 5, 1, 1, 2, 2]",2.0625,3.18359375
17,16,664.0,4,3,4,1,2,3,0.23529411764705882,0.17647058823529413,0.23529411764705882,0.058823529411764705,0.11764705882352941,0.17647058823529413,"[0, 5, 5, 1, 4, 3, 0, 2, 0, 0, 2, 5, 1, 1, 2, 2, 4]",2.176470588235294,3.2041522491349483
18,17,583.0,4,3,4,1,2,4,0.2222222222222222,0.16666666666666666,0.2222222222222222,0.05555555555555555,0.1111111111111111,0.2222222222222222,"[0, 5, 5, 1, 4, 3, 0, 2, 0, 0, 2, 5, 1, 1, 2, 2, 4, 5]",2.3333333333333335,3.4444444444444446
19,18,655.0,4,3,4,1,2,5,0.21052631578947367,0.15789473684210525,0.21052631578947367,0.05263157894736842,0.10526315789473684,0.2631578947368421,"[0, 5, 5, 1, 4, 3, 0, 2, 0, 0, 2, 5, 1, 1, 2, 2, 4, 5, 5]",2.473684210526316,3.617728531855956
20,19,659.0,4,3,4,1,2,6,0.2,0.15,0.2,0.05,0.1,0.3,"[0, 5, 5, 1, 4, 3, 0, 2, 0, 0, 2, 5, 1, 1, 2, 2, 4, 5, 5, 5]",2.6,3.7400000000000007
21,20,741.0,4,3,4,1,2,7,0.19047619047619047,0.14285714285714285,0.19047619047619047,0.047619047619047616,0.09523809523809523,0.3333333333333333,"[0, 5, 5, 1, 4, 3, 0, 2, 0, 0, 2, 5, 1, 1, 2, 2, 4, 5, 5, 5, 5]",2.7142857142857144,3.823129251700682
22,21,565.0,4,3,4,1,2,8,0.18181818181818182,0.13636363636363635,0.18181818181818182,0.045454545454545456,0.09090909090909091,0.36363636363636365,"[0, 5, 5, 1, 4, 3, 0, 2, 0, 0, 2, 5, 1, 1, 2, 2, 4, 5, 5, 5, 5, 5]",2.8181818181818183,3.8760330578512394
23,22,770.0,4,3,4,1,2,9,0.17391304347826086,0.13043478260869565,0.17391304347826086,0.043478260869565216,0.08695652173913043,0.391304347826087,"[0, 5, 5, 1, 4, 3, 0, 2, 0, 0, 2, 5, 1, 1, 2, 2, 4, 5, 5, 5, 5, 5, 5]",2.9130434782608696,3.905482041587902
24,23,855.0,5,3,4,1,2,9,0.20833333333333334,0.125,0.16666666666666666,0.041666666666666664,0.08333333333333333,0.375,"[0, 5, 5, 1, 4, 3, 0, 2, 0, 0, 2, 5, 1, 1, 2, 2, 4, 5, 5, 5, 5, 5, 5, 0]",2.7916666666666665,4.081597222222222
25,-1,1092.0,6,3,4,1,2,9,0.24,0.12,0.16,0.04,0.08,0.36,"[0, 5, 5, 1, 4, 3, 0, 2, 0, 0, 2, 5, 1, 1, 2, 2, 4, 5, 5, 5, 5, 5, 5, 0, 0]",2.68,4.2176
3,-1,1111.0,0,1,2,0,0,0,0.0,0.3333333333333333,0.6666666666666666,0.0,0.0,0.0,"[1, 2, 2]",1.6666666666666667,0.2222222222222222
3,-1,1100.0,0,0,2,0,0,1,0.0,0.0,0.6666666666666666,0.0,0.0,0.3333333333333333,"[2, 2, 5]",3.0,2.0
3,2,524.0,1,1,1,0,0,0,0.3333333333333333,0.3333333333333333,0.3333333333333333,0.0,0.0,0.0,"[1, 2, 0]",1.0,0.6666666666666666
4,3,410.0,1,2,1,0,0,0,0.25,0.5,0.25,0.0,0.0,0.0,"[1, 2, 0, 1]",1.0,0.5
5,4,427.0,1,2,1,0,1,0,0.2,0.4,0.2,0.0,0.2,0.0,"[1, 2, 0, 1, 4]",1.6,1.8399999999999999
6,5,521.0,1,2,2,0,1,0,0.16666666666666666,0.3333333333333333,0.3333333333333333,0.0,0.16666666666666666,0.0,"[1, 2, 0, 1, 4, 2]",1.6666666666666667,1.5555555555555554
7,6,546.0,1,2,3,0,1,0,0.14285714285714285,0.2857142857142857,0.42857142857142855,0.0,0.14285714285714285,0.0,"[1, 2, 0, 1, 4, 2, 2]",1.7142857142857142,1.3469387755102038
8,7,448.0,1,2,3,0,2,0,0.125,0.25,0.375,0.0,0.25,0.0,"[1, 2, 0, 1, 4, 2, 2, 4]",2.0,1.75
9,8,440.0,1,2,4,0,2,0,0.1111111111111111,0.2222222222222222,0.4444444444444444,0.0,0.2222222222222222,0.0,"[1, 2, 0, 1, 4, 2, 2, 4, 2]",2.0,1.5555555555555556
10,9,183.0,1,2,4,0,3,0,0.1,0.2,0.4,0.0,0.3,0.0,"[1, 2, 0, 1, 4, 2, 2, 4, 2, 4]",2.2,1.7600000000000002
11,10,251.0,1,2,5,0,3,0,0.09090909090909091,0.18181818181818182,0.45454545454545453,0.0,0.2727272727272727,0.0,"[1, 2, 0, 1, 4, 2, 2, 4, 2, 4, 2]",2.1818181818181817,1.603305785123967
12,11,384.0,1,2,5,0,4,0,0.08333333333333333,0.16666666666666666,0.4166666666666667,0.0,0.3333333333333333,0.0,"[1, 2, 0, 1, 4, 2, 2, 4, 2, 4, 2, 4]",2.3333333333333335,1.7222222222222223
13,12,473.0,1,2,5,0,5,0,0.07692307692307693,0.15384615384615385,0.38461538461538464,0.0,0.38461538461538464,0.0,"[1, 2, 0, 1, 4, 2, 2, 4, 2, 4, 2, 4, 4]",2.4615384615384617,1.7869822485207103
14,13,500.0,1,2,5,0,6,0,0.07142857142857142,0.14285714285714285,0.35714285714285715,0.0,0.42857142857142855,0.0,"[1, 2, 0, 1, 4, 2, 2, 4, 2, 4, 2, 4, 4, 4]",2.5714285714285716,1.8163265306122451
15,14,522.0,1,2,5,0,6,1,0.06666666666666667,0.13333333333333333,0.3333333333333333,0.0,0.4,0.06666666666666667,"[1, 2, 0, 1, 4, 2, 2, 4, 2, 4, 2, 4, 4, 4, 5]",2.7333333333333334,2.0622222222222217
16,15,488.0,1,2,5,0,6,2,0.0625,0.125,0.3125,0.0,0.375,0.125,"[1, 2, 0, 1, 4, 2, 2, 4, 2, 4, 2, 4, 4, 4, 5, 5]",2.875,2.234375
17,16,404.0,1,2,5,0,7,2,0.058823529411764705,0.11764705882352941,0.29411764705882354,0.0,0.4117647058823529,0.11764705882352941,"[1, 2, 0, 1, 4, 2, 2, 4, 2, 4, 2, 4, 4, 4, 5, 5, 4]",2.9411764705882355,2.1730103806228374
18,17,678.0,1,3,5,0,7,2,0.05555555555555555,0.16666666666666666,0.2777777777777778,0.0,0.3888888888888889,0.1111111111111111,"[1, 2, 0, 1, 4, 2, 2, 4, 2, 4, 2, 4, 4, 4, 5, 5, 4, 1]",2.8333333333333335,2.25
19,18,688.0,1,3,5,1,7,2,0.05263157894736842,0.15789473684210525,0.2631578947368421,0.05263157894736842,0.3684210526315789,0.10526315789473684,"[1, 2, 0, 1, 4, 2, 2, 4, 2, 4, 2, 4, 4, 4, 5, 5, 4, 1, 3]",2.8421052631578947,2.1329639889196677
20,19,571.0,1,4,5,1,7,2,0.05,0.2,0.25,0.05,0.35,0.1,"[1, 2, 0, 1, 4, 2, 2, 4, 2, 4, 2, 4, 4, 4, 5, 5, 4, 1, 3, 1]",2.75,2.1875
21,20,622.0,1,5,5,1,7,2,0.047619047619047616,0.23809523809523808,0.23809523809523808,0.047619047619047616,0.3333333333333333,0.09523809523809523,"[1, 2, 0, 1, 4, 2, 2, 4, 2, 4, 2, 4, 4, 4, 5, 5, 4, 1, 3, 1, 1]",2.6666666666666665,2.2222222222222223
22,21,619.0,1,6,5,1,7,2,0.045454545454545456,0.2727272727272727,0.22727272727272727,0.045454545454545456,0.3181818181818182,0.09090909090909091,"[1, 2, 0, 1, 4, 2, 2, 4, 2, 4, 2, 4, 4, 4, 5, 5, 4, 1, 3, 1, 1, 1]",2.590909090909091,2.241735537190083
23,22,659.0,1,6,5,1,7,3,0.043478260869565216,0.2608695652173913,0.21739130434782608,0.043478260869565216,0.30434782608695654,0.13043478260869565,"[1, 2, 0, 1, 4, 2, 2, 4, 2, 4, 2, 4, 4, 4, 5, 5, 4, 1, 3, 1, 1, 1, 5]",2.6956521739130435,2.3856332703213607
24,23,666.0,1,6,5,1,7,4,0.041666666666666664,0.25,0.20833333333333334,0.041666666666666664,0.2916666666666667,0.16666666666666666,"[1, 2, 0, 1, 4, 2, 2, 4, 2, 4, 2, 4, 4, 4, 5, 5, 4, 1, 3, 1, 1, 1, 5, 5]",2.7916666666666665,2.498263888888889
25,24,673.0,1,6,5,1,7,5,0.04,0.24,0.2,0.04,0.28,0.2,"[1, 2, 0, 1, 4, 2, 2, 4, 2, 4, 2, 4, 4, 4, 5, 5, 4, 1, 3, 1, 1, 1, 5, 5, 5]",2.88,2.5856
26,25,666.0,1,6,5,1,7,6,0.038461538461538464,0.23076923076923078,0.19230769230769232,0.038461538461538464,0.2692307692307692,0.23076923076923078,"[1, 2, 0, 1, 4, 2, 2, 4, 2, 4, 2, 4, 4, 4, 5, 5, 4, 1, 3, 1, 1, 1, 5, 5, 5, 5]",2.9615384615384617,2.6523668639053253
27,26,651.0,1,6,6,1,7,6,0.037037037037037035,0.2222222222222222,0.2222222222222222,0.037037037037037035,0.25925925925925924,0.2222222222222222,"[1, 2, 0, 1, 4, 2, 2, 4, 2, 4, 2, 4, 4, 4, 5, 5, 4, 1, 3, 1, 1, 1, 5, 5, 5, 5, 2]",2.925925925925926,2.587105624142661
28,27,822.0,1,6,7,1,7,6,0.03571428571428571,0.21428571428571427,0.25,0.03571428571428571,0.25,0.21428571428571427,"[1, 2, 0, 1, 4, 2, 2, 4, 2, 4, 2, 4, 4, 4, 5, 5, 4, 1, 3, 1, 1, 1, 5, 5, 5, 5, 2, 2]",2.892857142857143,2.5242346938775513
29,28,990.0,2,6,7,1,7,6,0.06896551724137931,0.20689655172413793,0.2413793103448276,0.034482758620689655,0.2413793103448276,0.20689655172413793,"[1, 2, 0, 1, 4, 2, 2, 4, 2, 4, 2, 4, 4, 4, 5, 5, 4, 1, 3, 1, 1, 1, 5, 5, 5, 5, 2, 2, 0]",2.793103448275862,2.715814506539833
30,29,905.0,3,6,7,1,7,6,0.1,0.2,0.23333333333333334,0.03333333333333333,0.23333333333333334,0.2,"[1, 2, 0, 1, 4, 2, 2, 4, 2, 4, 2, 4, 4, 4, 5, 5, 4, 1, 3, 1, 1, 1, 5, 5, 5, 5, 2, 2, 0, 0]",2.7,2.876666666666666
31,30,894.0,4,6,7,1,7,6,0.12903225806451613,0.1935483870967742,0.22580645161290322,0.03225806451612903,0.22580645161290322,0.1935483870967742,"[1, 2, 0, 1, 4, 2, 2, 4, 2, 4, 2, 4, 4, 4, 5, 5, 4, 1, 3, 1, 1, 1, 5, 5, 5, 5, 2, 2, 0, 0, 0]",2.6129032258064515,3.0114464099895932
32,31,979.0,4,6,7,2,7,6,0.125,0.1875,0.21875,0.0625,0.21875,0.1875,"[1, 2, 0, 1, 4, 2, 2, 4, 2, 4, 2, 4, 4, 4, 5, 5, 4, 1, 3, 1, 1, 1, 5, 5, 5, 5, 2, 2, 0, 0, 0, 3]",2.625,2.921875
33,32,1064.0,5,6,7,2,7,6,0.15151515151515152,0.18181818181818182,0.21212121212121213,0.06060606060606061,0.21212121212121213,0.18181818181818182,"[1, 2, 0, 1, 4, 2, 2, 4, 2, 4, 2, 4, 4, 4, 5, 5, 4, 1, 3, 1, 1, 1, 5, 5, 5, 5, 2, 2, 0, 0, 0, 3, 0]",2.5454545454545454,3.035812672176309
34,33,1064.0,5,6,8,2,7,6,0.14705882352941177,0.17647058823529413,0.23529411764705882,0.058823529411764705,0.20588235294117646,0.17647058823529413,"[1, 2, 0, 1, 4, 2, 2, 4, 2, 4, 2, 4, 4, 4, 5, 5, 4, 1, 3, 1, 1, 1, 5, 5, 5, 5, 2, 2, 0, 0, 0, 3, 0, 2]",2.5294117647058822,2.9550173010380623
35,34,1009.0,5,6,9,2,7,6,0.14285714285714285,0.17142857142857143,0.2571428571428571,0.05714285714285714,0.2,0.17142857142857143,"[1, 2, 0, 1, 4, 2, 2, 4, 2, 4, 2, 4, 4, 4, 5, 5, 4, 1, 3, 1, 1, 1, 5, 5, 5, 5, 2, 2, 0, 0, 0, 3, 0, 2, 2]",2.5142857142857142,2.878367346938776
36,35,936.0,5,6,9,2,8,6,0.1388888888888889,0.16666666666666666,0.25,0.05555555555555555,0.2222222222222222,0.16666666666666666,"[1, 2, 0, 1, 4, 2, 2, 4, 2, 4, 2, 4, 4, 4, 5, 5, 4, 1, 3, 1, 1, 1, 5, 5, 5, 5, 2, 2, 0, 0, 0, 3, 0, 2, 2, 4]",2.5555555555555554,2.858024691358025
37,36,986.0,5,6,9,2,9,6,0.13513513513513514,0.16216216216216217,0.24324324324324326,0.05405405405405406,0.24324324324324326,0.16216216216216217,"[1, 2, 0, 1, 4, 2, 2, 4, 2, 4, 2, 4, 4, 4, 5, 5, 4, 1, 3, 1, 1, 1, 5, 5, 5, 5, 2, 2, 0, 0, 0, 3, 0, 2, 2, 4, 4]",2.5945945945945947,2.8356464572680795
38,37,970.0,5,6,9,2,10,6,0.13157894736842105,0.15789473684210525,0.23684210526315788,0.05263157894736842,0.2631578947368421,0.15789473684210525,"[1, 2, 0, 1, 4, 2, 2, 4, 2, 4, 2, 4, 4, 4, 5, 5, 4, 1, 3, 1, 1, 1, 5, 5, 5, 5, 2, 2, 0, 0, 0, 3, 0, 2, 2, 4, 4, 4]",2.6315789473684212,2.8116343490304723
39,38,838.0,5,6,9,2,11,6,0.1282051282051282,0.15384615384615385,0.23076923076923078,0.05128205128205128,0.28205128205128205,0.15384615384615385,"[1, 2, 0, 1, 4, 2, 2, 4, 2, 4, 2, 4, 4, 4, 5, 5, 4, 1, 3, 1, 1, 1, 5, 5, 5, 5, 2, 2, 0, 0, 0, 3, 0, 2, 2, 4, 4, 4, 4]",2.6666666666666665,2.786324786324786
40,39,866.0,5,6,9,2,12,6,0.125,0.15,0.225,0.05,0.3,0.15,"[1, 2, 0, 1, 4, 2, 2, 4, 2, 4, 2, 4, 4, 4, 5, 5, 4, 1, 3, 1, 1, 1, 5, 5, 5, 5, 2, 2, 0, 0, 0, 3, 0, 2, 2, 4, 4, 4, 4, 4]",2.7,2.76
41,40,1576.0,5,6,9,2,13,6,0.12195121951219512,0.14634146341463414,0.21951219512195122,0.04878048780487805,0.3170731707317073,0.14634146341463414,"[1, 2, 0, 1, 4, 2, 2, 4, 2, 4, 2, 4, 4, 4, 5, 5, 4, 1, 3, 1, 1, 1, 5, 5, 5, 5, 2, 2, 0, 0, 0, 3, 0, 2, 2, 4, 4, 4, 4, 4, 4]",2.731707317073171,2.732897085068412
42,41,1653.0,5,6,9,2,14,6,0.11904761904761904,0.14285714285714285,0.21428571428571427,0.047619047619047616,0.3333333333333333,0.14285714285714285,"[1, 2, 0, 1, 4, 2, 2, 4, 2, 4, 2, 4, 4, 4, 5, 5, 4, 1, 3, 1, 1, 1, 5, 5, 5, 5, 2, 2, 0, 0, 0, 3, 0, 2, 2, 4, 4, 4, 4, 4, 4, 4]",2.761904761904762,2.705215419501134
43,42,1738.0,5,6,9,2,14,7,0.11627906976744186,0.13953488372093023,0.20930232558139536,0.046511627906976744,0.32558139534883723,0.16279069767441862,"[1, 2, 0, 1, 4, 2, 2, 4, 2, 4, 2, 4, 4, 4, 5, 5, 4, 1, 3, 1, 1, 1, 5, 5, 5, 5, 2, 2, 0, 0, 0, 3, 0, 2, 2, 4, 4, 4, 4, 4, 4, 4, 5]",2.813953488372093,2.756084369929692
44,43,1784.0,5,6,9,2,14,8,0.11363636363636363,0.13636363636363635,0.20454545454545456,0.045454545454545456,0.3181818181818182,0.18181818181818182,"[1, 2, 0, 1, 4, 2, 2, 4, 2, 4, 2, 4, 4, 4, 5, 5, 4, 1, 3, 1, 1, 1, 5, 5, 5, 5, 2, 2, 0, 0, 0, 3, 0, 2, 2, 4, 4, 4, 4, 4, 4, 4, 5, 5]",2.8636363636363638,2.7995867768595044
45,-1,2115.0,6,6,9,2,14,8,0.13333333333333333,0.13333333333333333,0.2,0.044444444444444446,0.3111111111111111,0.17777777777777778,"[1, 2, 0, 1, 4, 2, 2, 4, 2, 4, 2, 4, 4, 4, 5, 5, 4, 1, 3, 1, 1, 1, 5, 5, 5, 5, 2, 2, 0, 0, 0, 3, 0, 2, 2, 4, 4, 4, 4, 4, 4, 4, 5, 5, 0]",2.8,2.915555555555556
3,-1,1138.0,0,0,1,0,0,2,0.0,0.0,0.3333333333333333,0.0,0.0,0.6666666666666666,"[5, 2, 5]",4.0,2.0
3,-1,1133.0,0,1,0,2,0,0,0.0,0.3333333333333333,0.0,0.6666666666666666,0.0,0.0,"[1, 3, 3]",2.3333333333333335,0.8888888888888888
3,-1,1085.0,0,0,0,1,1,1,0.0,0.0,0.0,0.3333333333333333,0.3333333333333333,0.3333333333333333,"[5, 4, 3]",4.0,0.6666666666666666
3,-1,1107.0,0,0,1,0,0,2,0.0,0.0,0.3333333333333333,0.0,0.0,0.6666666666666666,"[2, 5, 5]",4.0,2.0
3,-1,1189.0,0,0,0,1,1,1,0.0,0.0,0.0,0.3333333333333333,0.3333333333333333,0.3333333333333333,"[4, 5, 3]",4.0,0.6666666666666666
3,2,748.0,0,1,0,0,1,1,0.0,0.3333333333333333,0.0,0.0,0.3333333333333333,0.3333333333333333,"[5, 1, 4]",3.3333333333333335,2.8888888888888893
4,3,855.0,0,2,0,0,1,1,0.0,0.5,0.0,0.0,0.25,0.25,"[5, 1, 4, 1]",2.75,3.1875
5,4,914.0,0,2,0,0,2,1,0.0,0.4,0.0,0.0,0.4,0.2,"[5, 1, 4, 1, 4]",3.0,2.8
6,5,895.0,0,2,0,1,2,1,0.0,0.3333333333333333,0.0,0.16666666666666666,0.3333333333333333,0.16666666666666666,"[5, 1, 4, 1, 4, 3]",3.0,2.3333333333333335
7,6,777.0,0,3,0,1,2,1,0.0,0.42857142857142855,0.0,0.14285714285714285,0.2857142857142857,0.14285714285714285,"[5, 1, 4, 1, 4, 3, 1]",2.7142857142857144,2.4897959183673466
8,7,914.0,0,3,1,1,2,1,0.0,0.375,0.125,0.125,0.25,0.125,"[5, 1, 4, 1, 4, 3, 1, 2]",2.625,2.234375
9,8,736.0,0,3,2,1,2,1,0.0,0.3333333333333333,0.2222222222222222,0.1111111111111111,0.2222222222222222,0.1111111111111111,"[5, 1, 4, 1, 4, 3, 1, 2, 2]",2.5555555555555554,2.0246913580246915
10,9,851.0,0,3,3,1,2,1,0.0,0.3,0.3,0.1,0.2,0.1,"[5, 1, 4, 1, 4, 3, 1, 2, 2, 2]",2.5,1.85
11,10,806.0,0,3,3,1,3,1,0.0,0.2727272727272727,0.2727272727272727,0.09090909090909091,0.2727272727272727,0.09090909090909091,"[5, 1, 4, 1, 4, 3, 1, 2, 2, 2, 4]",2.6363636363636362,1.867768595041322
12,11,824.0,0,3,3,2,3,1,0.0,0.25,0.25,0.16666666666666666,0.25,0.08333333333333333,"[5, 1, 4, 1, 4, 3, 1, 2, 2, 2, 4, 3]",2.6666666666666665,1.722222222222222
13,12,810.0,0,3,3,3,3,1,0.0,0.23076923076923078,0.23076923076923078,0.23076923076923078,0.23076923076923078,0.07692307692307693,"[5, 1, 4, 1, 4, 3, 1, 2, 2, 2, 4, 3, 3]",2.6923076923076925,1.5976331360946747
14,13,759.0,0,3,3,4,3,1,0.0,0.21428571428571427,0.21428571428571427,0.2857142857142857,0.21428571428571427,0.07142857142857142,"[5, 1, 4, 1, 4, 3, 1, 2, 2, 2, 4, 3, 3, 3]",2.7142857142857144,1.489795918367347
15,14,744.0,0,4,3,4,3,1,0.0,0.26666666666666666,0.2,0.26666666666666666,0.2,0.06666666666666667,"[5, 1, 4, 1, 4, 3, 1, 2, 2, 2, 4, 3, 3, 3, 1]",2.6,1.5733333333333335
16,15,870.0,0,4,4,4,3,1,0.0,0.25,0.25,0.25,0.1875,0.0625,"[5, 1, 4, 1, 4, 3, 1, 2, 2, 2, 4, 3, 3, 3, 1, 2]",2.5625,1.49609375
17,16,871.0,1,4,4,4,3,1,0.058823529411764705,0.23529411764705882,0.23529411764705882,0.23529411764705882,0.17647058823529413,0.058823529411764705,"[5, 1, 4, 1, 4, 3, 1, 2, 2, 2, 4, 3, 3, 3, 1, 2, 0]",2.411764705882353,1.7716262975778547
18,17,927.0,1,5,4,4,3,1,0.05555555555555555,0.2777777777777778,0.2222222222222222,0.2222222222222222,0.16666666666666666,0.05555555555555555,"[5, 1, 4, 1, 4, 3, 1, 2, 2, 2, 4, 3, 3, 3, 1, 2, 0, 1]",2.3333333333333335,1.7777777777777777
19,18,943.0,1,5,4,5,3,1,0.05263157894736842,0.2631578947368421,0.21052631578947367,0.2631578947368421,0.15789473684210525,0.05263157894736842,"[5, 1, 4, 1, 4, 3, 1, 2, 2, 2, 4, 3, 3, 3, 1, 2, 0, 1, 3]",2.3684210526315788,1.7063711911357344
20,19,938.0,2,5,4,5,3,1,0.1,0.25,0.2,0.25,0.15,0.05,"[5, 1, 4, 1, 4, 3, 1, 2, 2, 2, 4, 3, 3, 3, 1, 2, 0, 1, 3, 0]",2.25,1.8875
21,20,941.0,3,5,4,5,3,1,0.14285714285714285,0.23809523809523808,0.19047619047619047,0.23809523809523808,0.14285714285714285,0.047619047619047616,"[5, 1, 4, 1, 4, 3, 1, 2, 2, 2, 4, 3, 3, 3, 1, 2, 0, 1, 3, 0, 0]",2.142857142857143,2.0272108843537415
22,21,947.0,3,5,4,5,3,2,0.13636363636363635,0.22727272727272727,0.18181818181818182,0.22727272727272727,0.13636363636363635,0.09090909090909091,"[5, 1, 4, 1, 4, 3, 1, 2, 2, 2, 4, 3, 3, 3, 1, 2, 0, 1, 3, 0, 0, 5]",2.272727272727273,2.289256198347107
23,22,918.0,3,5,4,5,3,3,0.13043478260869565,0.21739130434782608,0.17391304347826086,0.21739130434782608,0.13043478260869565,0.13043478260869565,"[5, 1, 4, 1, 4, 3, 1, 2, 2, 2, 4, 3, 3, 3, 1, 2, 0, 1, 3, 0, 0, 5, 5]",2.391304347826087,2.499054820415879
24,23,898.0,3,5,4,5,3,4,0.125,0.20833333333333334,0.16666666666666666,0.20833333333333334,0.125,0.16666666666666666,"[5, 1, 4, 1, 4, 3, 1, 2, 2, 2, 4, 3, 3, 3, 1, 2, 0, 1, 3, 0, 0, 5, 5, 5]",2.5,2.6666666666666665
25,24,1037.0,3,5,4,5,3,5,0.12,0.2,0.16,0.2,0.12,0.2,"[5, 1, 4, 1, 4, 3, 1, 2, 2, 2, 4, 3, 3, 3, 1, 2, 0, 1, 3, 0, 0, 5, 5, 5, 5]",2.6,2.8000000000000007
26,-1,1097.0,3,5,4,5,3,6,0.11538461538461539,0.19230769230769232,0.15384615384615385,0.19230769230769232,0.11538461538461539,0.23076923076923078,"[5, 1, 4, 1, 4, 3, 1, 2, 2, 2, 4, 3, 3, 3, 1, 2, 0, 1, 3, 0, 0, 5, 5, 5, 5, 5]",2.6923076923076925,2.905325443786982
3,-1,932.0,0,0,1,0,1,1,0.0,0.0,0.3333333333333333,0.0,0.3333333333333333,0.3333333333333333,"[5, 4, 2]",3.6666666666666665,1.5555555555555554
3,-1,1151.0,0,0,1,0,2,0,0.0,0.0,0.3333333333333333,0.0,0.6666666666666666,0.0,"[4, 2, 4]",3.3333333333333335,0.8888888888888888
3,-1,1135.0,0,1,0,0,2,0,0.0,0.3333333333333333,0.0,0.0,0.6666666666666666,0.0,"[4, 4, 1]",3.0,2.0
3,-1,1165.0,0,1,0,0,1,1,0.0,0.3333333333333333,0.0,0.0,0.3333333333333333,0.3333333333333333,"[1, 4, 5]",3.3333333333333335,2.8888888888888893
3,2,1066.0,2,0,0,0,1,0,0.6666666666666666,0.0,0.0,0.0,0.3333333333333333,0.0,"[0, 4, 0]",1.3333333333333333,3.555555555555556
4,-1,1067.0,2,1,0,0,1,0,0.5,0.25,0.0,0.0,0.25,0.0,"[0, 4, 0, 1]",1.25,2.6875
3,-1,1106.0,1,1,0,0,0,1,0.3333333333333333,0.3333333333333333,0.0,0.0,0.0,0.3333333333333333,"[0, 5, 1]",2.0,4.666666666666667
3,-1,1103.0,0,0,1,0,0,2,0.0,0.0,0.3333333333333333,0.0,0.0,0.6666666666666666,"[5, 5, 2]",4.0,2.0
3,2,1155.0,0,0,0,0,3,0,0.0,0.0,0.0,0.0,1.0,0.0,"[4, 4, 4]",4.0,0.0
4,-1,1060.0,0,1,0,0,3,0,0.0,0.25,0.0,0.0,0.75,0.0,"[4, 4, 4, 1]",3.25,1.6875
3,-1,1131.0,0,0,1,1,1,0,0.0,0.0,0.3333333333333333,0.3333333333333333,0.3333333333333333,0.0,"[2, 4, 3]",3.0,0.6666666666666666
3,-1,1163.0,0,0,0,1,0,2,0.0,0.0,0.0,0.3333333333333333,0.0,0.6666666666666666,"[5, 5, 3]",4.333333333333333,0.888888888888889
3,2,1281.0,0,0,0,0,2,1,0.0,0.0,0.0,0.0,0.6666666666666666,0.3333333333333333,"[4, 5, 4]",4.333333333333333,0.22222222222222224
4,-1,1280.0,0,0,0,0,2,2,0.0,0.0,0.0,0.0,0.5,0.5,"[4, 5, 4, 5]",4.5,0.25
3,2,1170.0,0,0,1,0,0,2,0.0,0.0,0.3333333333333333,0.0,0.0,0.6666666666666666,"[5, 5, 2]",4.0,2.0
4,-1,1077.0,0,1,1,0,0,2,0.0,0.25,0.25,0.0,0.0,0.5,"[5, 5, 2, 1]",3.25,3.1875
3,2,1199.0,0,0,0,1,1,1,0.0,0.0,0.0,0.3333333333333333,0.3333333333333333,0.3333333333333333,"[3, 4, 5]",4.0,0.6666666666666666
4,-1,1193.0,0,0,0,2,1,1,0.0,0.0,0.0,0.5,0.25,0.25,"[3, 4, 5, 3]",3.75,0.6875
3,-1,1157.0,0,0,0,0,2,1,0.0,0.0,0.0,0.0,0.6666666666666666,0.3333333333333333,"[4, 5, 4]",4.333333333333333,0.22222222222222224
3,-1,1102.0,1,0,1,0,1,0,0.3333333333333333,0.0,0.3333333333333333,0.0,0.3333333333333333,0.0,"[2, 4, 0]",2.0,2.6666666666666665
3,-1,1085.0,0,0,1,1,0,1,0.0,0.0,0.3333333333333333,0.3333333333333333,0.0,0.3333333333333333,"[5, 3, 2]",3.3333333333333335,1.5555555555555554
3,-1,1143.0,0,1,0,0,1,1,0.0,0.3333333333333333,0.0,0.0,0.3333333333333333,0.3333333333333333,"[4, 5, 1]",3.3333333333333335,2.8888888888888893
3,-1,990.0,0,1,0,0,2,0,0.0,0.3333333333333333,0.0,0.0,0.6666666666666666,0.0,"[4, 4, 1]",3.0,2.0
3,-1,1100.0,2,1,0,0,0,0,0.6666666666666666,0.3333333333333333,0.0,0.0,0.0,0.0,"[1, 0, 0]",0.3333333333333333,0.22222222222222224
3,-1,1095.0,0,0,1,1,0,1,0.0,0.0,0.3333333333333333,0.3333333333333333,0.0,0.3333333333333333,"[3, 2, 5]",3.3333333333333335,1.5555555555555554
3,-1,1226.0,0,0,0,0,1,2,0.0,0.0,0.0,0.0,0.3333333333333333,0.6666666666666666,"[4, 5, 5]",4.666666666666667,0.22222222222222224
3,-1,1106.0,2,0,0,0,0,1,0.6666666666666666,0.0,0.0,0.0,0.0,0.3333333333333333,"[0, 0, 5]",1.6666666666666667,5.5555555555555545
3,-1,1113.0,0,0,0,1,2,0,0.0,0.0,0.0,0.3333333333333333,0.6666666666666666,0.0,"[4, 3, 4]",3.6666666666666665,0.22222222222222224
3,-1,1107.0,1,0,0,0,0,2,0.3333333333333333,0.0,0.0,0.0,0.0,0.6666666666666666,"[5, 0, 5]",3.3333333333333335,5.555555555555556
3,2,1025.0,0,0,0,0,2,1,0.0,0.0,0.0,0.0,0.6666666666666666,0.3333333333333333,"[4, 4, 5]",4.333333333333333,0.22222222222222224
4,-1,1060.0,1,0,0,0,2,1,0.25,0.0,0.0,0.0,0.5,0.25,"[4, 4, 5, 0]",3.25,3.6875
3,-1,1118.0,0,0,0,0,1,2,0.0,0.0,0.0,0.0,0.3333333333333333,0.6666666666666666,"[4, 5, 5]",4.666666666666667,0.22222222222222224
3,-1,1137.0,0,1,0,1,1,0,0.0,0.3333333333333333,0.0,0.3333333333333333,0.3333333333333333,0.0,"[3, 4, 1]",2.6666666666666665,1.5555555555555554
3,-1,1092.0,0,1,0,0,0,2,0.0,0.3333333333333333,0.0,0.0,0.0,0.6666666666666666,"[5, 5, 1]",3.6666666666666665,3.555555555555556
3,-1,1236.0,0,0,0,1,1,1,0.0,0.0,0.0,0.3333333333333333,0.3333333333333333,0.3333333333333333,"[4, 5, 3]",4.0,0.6666666666666666
3,-1,1098.0,1,0,0,0,0,2,0.3333333333333333,0.0,0.0,0.0,0.0,0.6666666666666666,"[5, 5, 0]",3.3333333333333335,5.555555555555556
3,-1,1183.0,0,0,1,1,1,0,0.0,0.0,0.3333333333333333,0.3333333333333333,0.3333333333333333,0.0,"[3, 2, 4]",3.0,0.6666666666666666
3,2,1051.0,0,0,0,0,2,1,0.0,0.0,0.0,0.0,0.6666666666666666,0.3333333333333333,"[4, 4, 5]",4.333333333333333,0.22222222222222224
4,3,1036.0,0,1,0,0,2,1,0.0,0.25,0.0,0.0,0.5,0.25,"[4, 4, 5, 1]",3.5,2.25
5,-1,1036.0,0,1,0,0,2,2,0.0,0.2,0.0,0.0,0.4,0.4,"[4, 4, 5, 1, 5]",3.8,2.16
3,-1,1114.0,0,0,0,1,2,0,0.0,0.0,0.0,0.3333333333333333,0.6666666666666666,0.0,"[4, 3, 4]",3.6666666666666665,0.22222222222222224
3,-1,1107.0,0,1,0,0,0,2,0.0,0.3333333333333333,0.0,0.0,0.0,0.6666666666666666,"[5, 1, 5]",3.6666666666666665,3.555555555555556
3,-1,1144.0,1,0,0,1,1,0,0.3333333333333333,0.0,0.0,0.3333333333333333,0.3333333333333333,0.0,"[4, 0, 3]",2.3333333333333335,2.8888888888888893
3,-1,1109.0,1,0,1,0,0,1,0.3333333333333333,0.0,0.3333333333333333,0.0,0.0,0.3333333333333333,"[2, 0, 5]",2.3333333333333335,4.222222222222222
3,-1,1125.0,0,1,0,0,1,1,0.0,0.3333333333333333,0.0,0.0,0.3333333333333333,0.3333333333333333,"[5, 1, 4]",3.3333333333333335,2.8888888888888893
3,-1,1076.0,1,1,0,0,1,0,0.3333333333333333,0.3333333333333333,0.0,0.0,0.3333333333333333,0.0,"[4, 0, 1]",1.6666666666666667,2.888888888888889
3,-1,1186.0,0,0,0,0,2,1,0.0,0.0,0.0,0.0,0.6666666666666666,0.3333333333333333,"[5, 4, 4]",4.333333333333333,0.22222222222222224
3,-1,1109.0,1,1,0,0,0,1,0.3333333333333333,0.3333333333333333,0.0,0.0,0.0,0.3333333333333333,"[5, 0, 1]",2.0,4.666666666666667
3,-1,940.0,1,0,0,1,0,1,0.3333333333333333,0.0,0.0,0.3333333333333333,0.0,0.3333333333333333,"[0, 3, 5]",2.6666666666666665,4.222222222222222
3,-1,1108.0,0,0,0,0,0,3,0.0,0.0,0.0,0.0,0.0,1.0,"[5, 5, 5]",5.0,0.0
3,-1,1102.0,0,0,2,0,0,1,0.0,0.0,0.6666666666666666,0.0,0.0,0.3333333333333333,"[2, 2, 5]",3.0,2.0
3,-1,1087.0,0,0,2,0,0,1,0.0,0.0,0.6666666666666666,0.0,0.0,0.3333333333333333,"[5, 2, 2]",3.0,2.0
3,-1,1128.0,1,0,1,0,1,0,0.3333333333333333,0.0,0.3333333333333333,0.0,0.3333333333333333,0.0,"[4, 0, 2]",2.0,2.6666666666666665
3,2,1105.0,0,0,1,1,0,1,0.0,0.0,0.3333333333333333,0.3333333333333333,0.0,0.3333333333333333,"[2, 3, 5]",3.3333333333333335,1.5555555555555554
4,3,1015.0,0,1,1,1,0,1,0.0,0.25,0.25,0.25,0.0,0.25,"[2, 3, 5, 1]",2.75,2.1875
5,-1,1020.0,0,2,1,1,0,1,0.0,0.4,0.2,0.2,0.0,0.2,"[2, 3, 5, 1, 1]",2.4,2.2399999999999998
3,2,1137.0,1,1,0,0,1,0,0.3333333333333333,0.3333333333333333,0.0,0.0,0.3333333333333333,0.0,"[0, 4, 1]",1.6666666666666667,2.888888888888889
4,3,1094.0,1,2,0,0,1,0,0.25,0.5,0.0,0.0,0.25,0.0,"[0, 4, 1, 1]",1.5,2.25
5,-1,1095.0,1,2,0,0,1,1,0.2,0.4,0.0,0.0,0.2,0.2,"[0, 4, 1, 1, 5]",2.2,3.7600000000000002
3,-1,1130.0,1,0,0,1,0,1,0.3333333333333333,0.0,0.0,0.3333333333333333,0.0,0.3333333333333333,"[5, 0, 3]",2.6666666666666665,4.222222222222222
3,-1,1199.0,0,0,0,0,1,2,0.0,0.0,0.0,0.0,0.3333333333333333,0.6666666666666666,"[4, 5, 5]",4.666666666666667,0.22222222222222224
3,-1,1089.0,0,0,0,0,0,3,0.0,0.0,0.0,0.0,0.0,1.0,"[5, 5, 5]",5.0,0.0
3,-1,1105.0,0,0,1,1,0,1,0.0,0.0,0.3333333333333333,0.3333333333333333,0.0,0.3333333333333333,"[2, 5, 3]",3.3333333333333335,1.5555555555555556
3,-1,963.0,0,0,0,1,1,1,0.0,0.0,0.0,0.3333333333333333,0.3333333333333333,0.3333333333333333,"[5, 3, 4]",4.0,0.6666666666666666
3,-1,1137.0,0,0,0,1,2,0,0.0,0.0,0.0,0.3333333333333333,0.6666666666666666,0.0,"[4, 3, 4]",3.6666666666666665,0.22222222222222224
3,-1,1141.0,0,0,1,2,0,0,0.0,0.0,0.3333333333333333,0.6666666666666666,0.0,0.0,"[3, 3, 2]",2.6666666666666665,0.22222222222222224
3,-1,1203.0,0,1,0,0,2,0,0.0,0.3333333333333333,0.0,0.0,0.6666666666666666,0.0,"[1, 4, 4]",3.0,2.0
3,-1,1108.0,0,0,0,0,3,0,0.0,0.0,0.0,0.0,1.0,0.0,"[4, 4, 4]",4.0,0.0
3,-1,1030.0,0,2,0,0,0,1,0.0,0.6666666666666666,0.0,0.0,0.0,0.3333333333333333,"[1, 5, 1]",2.3333333333333335,3.555555555555556
3,-1,1097.0,1,1,0,0,1,0,0.3333333333333333,0.3333333333333333,0.0,0.0,0.3333333333333333,0.0,"[4, 0, 1]",1.6666666666666667,2.888888888888889
3,2,753.0,0,1,1,0,0,1,0.0,0.3333333333333333,0.3333333333333333,0.0,0.0,0.3333333333333333,"[2, 5, 1]",2.6666666666666665,2.8888888888888893
4,3,670.0,0,2,1,0,0,1,0.0,0.5,0.25,0.0,0.0,0.25,"[2, 5, 1, 1]",2.25,2.6875
5,4,704.0,0,3,1,0,0,1,0.0,0.6,0.2,0.0,0.0,0.2,"[2, 5, 1, 1, 1]",2.0,2.4
6,5,726.0,0,4,1,0,0,1,0.0,0.6666666666666666,0.16666666666666666,0.0,0.0,0.16666666666666666,"[2, 5, 1, 1, 1, 1]",1.8333333333333333,2.1388888888888897
7,6,955.0,0,4,2,0,0,1,0.0,0.5714285714285714,0.2857142857142857,0.0,0.0,0.14285714285714285,"[2, 5, 1, 1, 1, 1, 2]",1.8571428571428572,1.836734693877551
8,7,713.0,0,4,3,0,0,1,0.0,0.5,0.375,0.0,0.0,0.125,"[2, 5, 1, 1, 1, 1, 2, 2]",1.875,1.609375
9,8,855.0,0,4,4,0,0,1,0.0,0.4444444444444444,0.4444444444444444,0.0,0.0,0.1111111111111111,"[2, 5, 1, 1, 1, 1, 2, 2, 2]",1.8888888888888888,1.4320987654320987
10,9,907.0,0,4,4,1,0,1,0.0,0.4,0.4,0.1,0.0,0.1,"[2, 5, 1, 1, 1, 1, 2, 2, 2, 3]",2.0,1.4
11,10,883.0,0,4,4,2,0,1,0.0,0.36363636363636365,0.36363636363636365,0.18181818181818182,0.0,0.09090909090909091,"[2, 5, 1, 1, 1, 1, 2, 2, 2, 3, 3]",2.090909090909091,1.3553719008264462
12,11,695.0,0,4,4,2,1,1,0.0,0.3333333333333333,0.3333333333333333,0.16666666666666666,0.08333333333333333,0.08333333333333333,"[2, 5, 1, 1, 1, 1, 2, 2, 2, 3, 3, 4]",2.25,1.5208333333333333
13,12,721.0,0,4,4,3,1,1,0.0,0.3076923076923077,0.3076923076923077,0.23076923076923078,0.07692307692307693,0.07692307692307693,"[2, 5, 1, 1, 1, 1, 2, 2, 2, 3, 3, 4, 3]",2.3076923076923075,1.4437869822485208
14,13,760.0,0,5,4,3,1,1,0.0,0.35714285714285715,0.2857142857142857,0.21428571428571427,0.07142857142857142,0.07142857142857142,"[2, 5, 1, 1, 1, 1, 2, 2, 2, 3, 3, 4, 3, 1]",2.2142857142857144,1.454081632653061
15,14,778.0,0,5,4,4,1,1,0.0,0.3333333333333333,0.26666666666666666,0.26666666666666666,0.06666666666666667,0.06666666666666667,"[2, 5, 1, 1, 1, 1, 2, 2, 2, 3, 3, 4, 3, 1, 3]",2.2666666666666666,1.3955555555555554
16,15,887.0,0,5,5,4,1,1,0.0,0.3125,0.3125,0.25,0.0625,0.0625,"[2, 5, 1, 1, 1, 1, 2, 2, 2, 3, 3, 4, 3, 1, 3, 2]",2.25,1.3125
17,16,916.0,0,5,5,4,2,1,0.0,0.29411764705882354,0.29411764705882354,0.23529411764705882,0.11764705882352941,0.058823529411764705,"[2, 5, 1, 1, 1, 1, 2, 2, 2, 3, 3, 4, 3, 1, 3, 2, 4]",2.3529411764705883,1.4048442906574394
18,17,888.0,1,5,5,4,2,1,0.05555555555555555,0.2777777777777778,0.2777777777777778,0.2222222222222222,0.1111111111111111,0.05555555555555555,"[2, 5, 1, 1, 1, 1, 2, 2, 2, 3, 3, 4, 3, 1, 3, 2, 4, 0]",2.2222222222222223,1.617283950617284
19,18,916.0,2,5,5,4,2,1,0.10526315789473684,0.2631578947368421,0.2631578947368421,0.21052631578947367,0.10526315789473684,0.05263157894736842,"[2, 5, 1, 1, 1, 1, 2, 2, 2, 3, 3, 4, 3, 1, 3, 2, 4, 0, 0]",2.1052631578947367,1.7783933518005541
20,19,965.0,3,5,5,4,2,1,0.15,0.25,0.25,0.2,0.1,0.05,"[2, 5, 1, 1, 1, 1, 2, 2, 2, 3, 3, 4, 3, 1, 3, 2, 4, 0, 0, 0]",2.0,1.9
21,20,881.0,3,5,5,4,2,2,0.14285714285714285,0.23809523809523808,0.23809523809523808,0.19047619047619047,0.09523809523809523,0.09523809523809523,"[2, 5, 1, 1, 1, 1, 2, 2, 2, 3, 3, 4, 3, 1, 3, 2, 4, 0, 0, 0, 5]",2.142857142857143,2.2176870748299318
22,21,922.0,3,5,5,4,2,3,0.13636363636363635,0.22727272727272727,0.22727272727272727,0.18181818181818182,0.09090909090909091,0.13636363636363635,"[2, 5, 1, 1, 1, 1, 2, 2, 2, 3, 3, 4, 3, 1, 3, 2, 4, 0, 0, 0, 5, 5]",2.272727272727273,2.4710743801652892
23,22,889.0,3,5,5,4,2,4,0.13043478260869565,0.21739130434782608,0.21739130434782608,0.17391304347826086,0.08695652173913043,0.17391304347826086,"[2, 5, 1, 1, 1, 1, 2, 2, 2, 3, 3, 4, 3, 1, 3, 2, 4, 0, 0, 0, 5, 5, 5]",2.391304347826087,2.6729678638941397
24,23,880.0,4,5,5,4,2,4,0.16666666666666666,0.20833333333333334,0.20833333333333334,0.16666666666666666,0.08333333333333333,0.16666666666666666,"[2, 5, 1, 1, 1, 1, 2, 2, 2, 3, 3, 4, 3, 1, 3, 2, 4, 0, 0, 0, 5, 5, 5, 0]",2.2916666666666665,2.789930555555556
25,24,1138.0,4,5,5,4,2,5,0.16,0.2,0.2,0.16,0.08,0.2,"[2, 5, 1, 1, 1, 1, 2, 2, 2, 3, 3, 4, 3, 1, 3, 2, 4, 0, 0, 0, 5, 5, 5, 0, 5]",2.4,2.9600000000000004
26,-1,1198.0,4,5,5,4,2,6,0.15384615384615385,0.19230769230769232,0.19230769230769232,0.15384615384615385,0.07692307692307693,0.23076923076923078,"[2, 5, 1, 1, 1, 1, 2, 2, 2, 3, 3, 4, 3, 1, 3, 2, 4, 0, 0, 0, 5, 5, 5, 0, 5, 5]",2.5,3.0961538461538463
3,2,1131.0,0,0,0,0,1,2,0.0,0.0,0.0,0.0,0.3333333333333333,0.6666666666666666,"[4, 5, 5]",4.666666666666667,0.22222222222222224
4,-1,1037.0,0,1,0,0,1,2,0.0,0.25,0.0,0.0,0.25,0.5,"[4, 5, 5, 1]",3.75,2.6875
3,-1,1100.0,0,0,1,0,1,1,0.0,0.0,0.3333333333333333,0.0,0.3333333333333333,0.3333333333333333,"[4, 2, 5]",3.6666666666666665,1.5555555555555554
3,2,1199.0,2,0,0,0,1,0,0.6666666666666666,0.0,0.0,0.0,0.3333333333333333,0.0,"[0, 0, 4]",1.3333333333333333,3.555555555555556
4,-1,1102.0,2,1,0,0,1,0,0.5,0.25,0.0,0.0,0.25,0.0,"[0, 0, 4, 1]",1.25,2.6875
3,-1,1069.0,0,1,1,0,0,1,0.0,0.3333333333333333,0.3333333333333333,0.0,0.0,0.3333333333333333,"[2, 1, 5]",2.6666666666666665,2.8888888888888893
